UserID,Nome,Conta,Cartao
1,Bruno Costa,ACC100001,CARD500001
2,Rafael Teixeira,ACC100002,CARD500002
3,Karen Duarte,ACC100003,CARD500003
4,Carla Mendes,ACC100004,CARD500004
5,Wesley Batista,ACC100005,CARD500005
6,Wesley Batista,ACC100006,CARD500006
7,Gabriel Santos,ACC100007,CARD500007
8,Kleber Araujo,ACC100008,CARD500008
9,Kleber Araujo,ACC100009,CARD500009
10,Rafael Teixeira,ACC100010,CARD500010
11,Sabrina Matos,ACC100011,CARD500011
12,Heloísa Neves,ACC100012,CARD500012
13,Camila Lopes,ACC100013,CARD500013
14,Felipe Macedo,ACC100014,CARD500014
15,Larissa Farias,ACC100015,CARD500015
16,Patrícia Guedes,ACC100016,CARD500016
17,Kleber Araujo,ACC100017,CARD500017
18,Ana Silva,ACC100018,CARD500018
19,Carla Mendes,ACC100019,CARD500019
20,Vanessa Cunha,ACC100020,CARD500020
21,Otávio Freitas,ACC100021,CARD500021
22,Helena Pacheco,ACC100022,CARD500022
23,Diego Rezende,ACC100023,CARD500023
24,Felipe Macedo,ACC100024,CARD500024
25,Karen Duarte,ACC100025,CARD500025
26,Otávio Freitas,ACC100026,CARD500026
27,Felipe Macedo,ACC100027,CARD500027
28,Eduardo Lima,ACC100028,CARD500028
29,Karen Duarte,ACC100029,CARD500029
30,Natália Barros,ACC100030,CARD500030
31,Gustavo Peixoto,ACC100031,CARD500031
32,Camila Lopes,ACC100032,CARD500032
33,Gustavo Peixoto,ACC100033,CARD500033
34,Larissa Farias,ACC100034,CARD500034
35,Kleber Araujo,ACC100035,CARD500035
36,Gustavo Peixoto,ACC100036,CARD500036
37,Larissa Farias,ACC100037,CARD500037
38,Rafael Teixeira,ACC100038,CARD500038
39,Fernanda Alves,ACC100039,CARD500039
40,Carla Mendes,ACC100040,CARD500040
41,Camila Lopes,ACC100041,CARD500041
42,Igor Ribeiro,ACC100042,CARD500042
43,Juliana Torres,ACC100043,CARD500043
44,Natália Barros,ACC100044,CARD500044
45,Bruno Costa,ACC100045,CARD500045
46,Isabela Rangel,ACC100046,CARD500046
47,Gabriel Santos,ACC100047,CARD500047
48,Igor Ribeiro,ACC100048,CARD500048
49,João Vitor,ACC100049,CARD500049
50,Natália Barros,ACC100050,CARD500050
51,Daniel Rocha,ACC100051,CARD500051
52,Otávio Freitas,ACC100052,CARD500052
53,Isabela Rangel,ACC100053,CARD500053
54,Eliane Fonseca,ACC100054,CARD500054
55,Rafael Teixeira,ACC100055,CARD500055
56,Eduardo Lima,ACC100056,CARD500056
57,Heloísa Neves,ACC100057,CARD500057
58,Diego Rezende,ACC100058,CARD500058
59,Otávio Freitas,ACC100059,CARD500059
60,Helena Pacheco,ACC100060,CARD500060
61,Thiago Moreira,ACC100061,CARD500061
62,Gabriel Santos,ACC100062,CARD500062
63,Patrícia Guedes,ACC100063,CARD500063
64,Rafael Teixeira,ACC100064,CARD500064
65,Camila Lopes,ACC100065,CARD500065
66,Rafael Teixeira,ACC100066,CARD500066
67,Wesley Batista,ACC100067,CARD500067
68,João Vitor,ACC100068,CARD500068
69,Larissa Farias,ACC100069,CARD500069
70,Gustavo Peixoto,ACC100070,CARD500070
71,Fernanda Alves,ACC100071,CARD500071
72,Natália Barros,ACC100072,CARD500072
73,Vanessa Cunha,ACC100073,CARD500073
74,Bruno Costa,ACC100074,CARD500074
75,Patrícia Guedes,ACC100075,CARD500075
76,Eliane Fonseca,ACC100076,CARD500076
77,Juliana Torres,ACC100077,CARD500077
78,Thiago Moreira,ACC100078,CARD500078
79,Rafael Teixeira,ACC100079,CARD500079
80,Gabriel Santos,ACC100080,CARD500080
81,Marcos Nogueira,ACC100081,CARD500081
82,Marcos Nogueira,ACC100082,CARD500082
83,Wesley Batista,ACC100083,CARD500083
84,Daniel Rocha,ACC100084,CARD500084
85,Marcos Nogueira,ACC100085,CARD500085
86,Ana Silva,ACC100086,CARD500086
87,Eduardo Lima,ACC100087,CARD500087
88,Camila Lopes,ACC100088,CARD500088
89,Karen Duarte,ACC100089,CARD500089
90,Eduardo Lima,ACC100090,CARD500090
91,Sabrina Matos,ACC100091,CARD500091
92,Natália Barros,ACC100092,CARD500092
93,Helena Pacheco,ACC100093,CARD500093
94,Isabela Rangel,ACC100094,CARD500094
95,Otávio Freitas,ACC100095,CARD500095
96,Rafael Teixeira,ACC100096,CARD500096
97,Vanessa Cunha,ACC100097,CARD500097
98,Daniel Rocha,ACC100098,CARD500098
99,Fernanda Alves,ACC100099,CARD500099
100,Daniel Rocha,ACC100100,CARD500100
